{
	"credit": "Made with Blockbench",
	"textures": {
		"1": "gun/scope_inside",
		"2": "gun/scope_invisible2",
		"particle": "gun/scope_inside"
	},
	"elements": [
		{
			"from": [6.75, 6.75, 7.99975],
			"to": [9.25, 9.25, 7.99975],
			"rotation": {"angle": 0, "axis": "y", "origin": [7.86228, 9.72266, 7.70751]},
			"faces": {
				"north": {"uv": [0, 0, 16, 16], "texture": "#1"},
				"east": {"uv": [0, 0, 16, 16], "texture": "#1"},
				"south": {"uv": [0, 0, 16, 16], "texture": "#1"},
				"west": {"uv": [0, 0, 16, 16], "texture": "#1"},
				"up": {"uv": [0, 0, 16, 16], "texture": "#1"},
				"down": {"uv": [0, 0, 16, 16], "texture": "#1"}
			}
		},
		{
			"from": [-16, 6.75, 8.00025],
			"to": [6.75, 9.25, 8.00025],
			"rotation": {"angle": 0, "axis": "y", "origin": [6.25, 21.0625, 15.00025]},
			"faces": {
				"north": {"uv": [0, 0, 0.125, 0.125], "texture": "#1"},
				"east": {"uv": [0, 0, 0.125, 0.125], "texture": "#1"},
				"south": {"uv": [0, 0, 0.125, 0.125], "texture": "#1"},
				"west": {"uv": [0, 0, 0.125, 0.125], "texture": "#1"},
				"up": {"uv": [0, 0, 0.125, 0.125], "texture": "#1"},
				"down": {"uv": [0, 0, 0.125, 0.125], "texture": "#1"}
			}
		},
		{
			"from": [9.25, 6.75, 8.00025],
			"to": [32, 9.25, 8.00025],
			"rotation": {"angle": 0, "axis": "y", "origin": [9.75, 21.0625, 15.00025]},
			"faces": {
				"north": {"uv": [0.125, 0, 0, 0.125], "texture": "#1"},
				"east": {"uv": [0.125, 0, 0, 0.125], "texture": "#1"},
				"south": {"uv": [0.125, 0, 0, 0.125], "texture": "#1"},
				"west": {"uv": [0.125, 0, 0, 0.125], "texture": "#1"},
				"up": {"uv": [0.125, 0, 0, 0.125], "texture": "#1"},
				"down": {"uv": [0.125, 0, 0, 0.125], "texture": "#1"}
			}
		},
		{
			"from": [9.305, 6.375, 7.87525],
			"to": [9.8675, 9.4375, 7.87525],
			"rotation": {"angle": 0, "axis": "y", "origin": [9.75, 21.0625, 15.00025]},
			"faces": {
				"north": {"uv": [0.125, 0, 0, 0.125], "texture": "#1"},
				"east": {"uv": [0.125, 0, 0, 0.125], "texture": "#1"},
				"south": {"uv": [0.125, 0, 0, 0.125], "texture": "#1"},
				"west": {"uv": [0.125, 0, 0, 0.125], "texture": "#1"},
				"up": {"uv": [0.125, 0, 0, 0.125], "texture": "#1"},
				"down": {"uv": [0.125, 0, 0, 0.125], "texture": "#1"}
			}
		},
		{
			"from": [6.1175, 9.305, 7.87525],
			"to": [9.8675, 9.9925, 7.87525],
			"rotation": {"angle": 0, "axis": "y", "origin": [9.75, 21.0625, 15.00025]},
			"faces": {
				"north": {"uv": [0.125, 0, 0, 0.125], "texture": "#1"},
				"east": {"uv": [0.125, 0, 0, 0.125], "texture": "#1"},
				"south": {"uv": [0.125, 0, 0, 0.125], "texture": "#1"},
				"west": {"uv": [0.125, 0, 0, 0.125], "texture": "#1"},
				"up": {"uv": [0.125, 0, 0, 0.125], "texture": "#1"},
				"down": {"uv": [0.125, 0, 0, 0.125], "texture": "#1"}
			}
		},
		{
			"from": [6.1175, 6.01, 7.87525],
			"to": [9.8675, 6.6975, 7.87525],
			"rotation": {"angle": 0, "axis": "y", "origin": [9.75, 21.0625, 15.00025]},
			"faces": {
				"north": {"uv": [0.125, 0, 0, 0.125], "texture": "#1"},
				"east": {"uv": [0.125, 0, 0, 0.125], "texture": "#1"},
				"south": {"uv": [0.125, 0, 0, 0.125], "texture": "#1"},
				"west": {"uv": [0.125, 0, 0, 0.125], "texture": "#1"},
				"up": {"uv": [0.125, 0, 0, 0.125], "texture": "#1"},
				"down": {"uv": [0.125, 0, 0, 0.125], "texture": "#1"}
			}
		},
		{
			"from": [6.135, 6.375, 7.87525],
			"to": [6.6975, 9.4375, 7.87525],
			"rotation": {"angle": 0, "axis": "y", "origin": [9.75, 21.0625, 15.00025]},
			"faces": {
				"north": {"uv": [0.125, 0, 0, 0.125], "texture": "#1"},
				"east": {"uv": [0.125, 0, 0, 0.125], "texture": "#1"},
				"south": {"uv": [0.125, 0, 0, 0.125], "texture": "#1"},
				"west": {"uv": [0.125, 0, 0, 0.125], "texture": "#1"},
				"up": {"uv": [0.125, 0, 0, 0.125], "texture": "#1"},
				"down": {"uv": [0.125, 0, 0, 0.125], "texture": "#1"}
			}
		},
		{
			"from": [-16, 9.25, 8.00025],
			"to": [32, 32, 8.00025],
			"rotation": {"angle": 0, "axis": "y", "origin": [9.75, 21.0625, 15.00025]},
			"faces": {
				"north": {"uv": [0.125, 0, 0, 0.125], "texture": "#1"},
				"east": {"uv": [0.125, 0, 0, 0.125], "texture": "#1"},
				"south": {"uv": [0.125, 0, 0, 0.125], "texture": "#1"},
				"west": {"uv": [0.125, 0, 0, 0.125], "texture": "#1"},
				"up": {"uv": [0.125, 0, 0, 0.125], "texture": "#1"},
				"down": {"uv": [0.125, 0, 0, 0.125], "texture": "#1"}
			}
		},
		{
			"from": [-16, -16, 8.00025],
			"to": [32, 6.75, 8.00025],
			"rotation": {"angle": 0, "axis": "y", "origin": [9.75, 21.0625, 15.00025]},
			"faces": {
				"north": {"uv": [0.125, 0, 0, 0.125], "texture": "#1"},
				"east": {"uv": [0.125, 0, 0, 0.125], "texture": "#1"},
				"south": {"uv": [0.125, 0, 0, 0.125], "texture": "#1"},
				"west": {"uv": [0.125, 0, 0, 0.125], "texture": "#1"},
				"up": {"uv": [0.125, 0, 0, 0.125], "texture": "#1"},
				"down": {"uv": [0.125, 0, 0, 0.125], "texture": "#1"}
			}
		},
		{
			"from": [4.3125, 4.25, 8.37475],
			"to": [11.625, 11.6875, 8.37475],
			"rotation": {"angle": 0, "axis": "y", "origin": [7.86228, 9.72266, 7.70751]},
			"faces": {
				"north": {"uv": [0, 0, 16, 16], "texture": "#2"},
				"east": {"uv": [0, 0, 16, 16], "texture": "#2"},
				"south": {"uv": [0, 0, 16, 16], "texture": "#2"},
				"west": {"uv": [0, 0, 16, 16], "texture": "#2"},
				"up": {"uv": [0, 0, 16, 16], "texture": "#2"},
				"down": {"uv": [0, 0, 16, 16], "texture": "#2"}
			}
		}
	],
	"display": {
		"thirdperson_righthand": {
			"scale": [0, 0, 0]
		},
		"thirdperson_lefthand": {
			"scale": [0, 0, 0]
		},
		"firstperson_righthand": {
			"translation": [-8.9585, 17.915, 9]
		},
		"firstperson_lefthand": {
			"rotation": [0, 90, 0],
			"translation": [0, -10.69, 11.5],
			"scale": [0, 0, 0]
		},
		"gui": {
			"scale": [0, 0, 0]
		},
		"fixed": {
			"translation": [0, 0, -0.5]
		}
	},
	"groups": [
		{
			"name": "scope",
			"origin": [8, 8, 8],
			"color": 0,
			"children": [0]
		},
		1,
		2,
		3,
		4,
		5,
		6,
		7,
		8,
		9
	]
}