{
	"parent": "item/handheld",
	"textures": {
		"layer0": "item/carrot_on_a_stick"
	},
	"overrides": [
		{ "predicate": {"custom_model_data":100}, "model": "item/gun/hk416/base-0"},
		{ "predicate": {"custom_model_data":110}, "model": "item/gun/hk416/left-0"},
		{ "predicate": {"custom_model_data":120}, "model": "item/gun/hk416/shoot-0"},
		{ "predicate": {"custom_model_data":121}, "model": "item/gun/hk416/shoot-1"},
		{ "predicate": {"custom_model_data":122}, "model": "item/gun/hk416/shoot-2"},
		{ "predicate": {"custom_model_data":130}, "model": "item/gun/hk416/zoom-0"},
		{ "predicate": {"custom_model_data":131}, "model": "item/gun/hk416/zoom-1"},
		{ "predicate": {"custom_model_data":132}, "model": "item/gun/hk416/zoom-2"},
		{ "predicate": {"custom_model_data":140}, "model": "item/gun/hk416/zoom_shoot-0"},
		{ "predicate": {"custom_model_data":141}, "model": "item/gun/hk416/zoom_shoot-1"},
		{ "predicate": {"custom_model_data":142}, "model": "item/gun/hk416/zoom_shoot-2"},
		{ "predicate": {"custom_model_data":150}, "model": "item/gun/hk416/reload-0"},
		{ "predicate": {"custom_model_data":151}, "model": "item/gun/hk416/reload-1"},
		{ "predicate": {"custom_model_data":152}, "model": "item/gun/hk416/reload-2"},
		{ "predicate": {"custom_model_data":153}, "model": "item/gun/hk416/reload-3"},
		{ "predicate": {"custom_model_data":154}, "model": "item/gun/hk416/reload-4"},
		{ "predicate": {"custom_model_data":155}, "model": "item/gun/hk416/reload-5"},
		{ "predicate": {"custom_model_data":156}, "model": "item/gun/hk416/reload-6"},
		{ "predicate": {"custom_model_data":157}, "model": "item/gun/hk416/reload-7"},
		{ "predicate": {"custom_model_data":158}, "model": "item/gun/hk416/reload-8"},
		{ "predicate": {"custom_model_data":159}, "model": "item/gun/hk416/reload-9"},
		{ "predicate": {"custom_model_data":160}, "model": "item/gun/hk416/reload-10"},
		{ "predicate": {"custom_model_data":161}, "model": "item/gun/hk416/reload-11"},
		{ "predicate": {"custom_model_data":162}, "model": "item/gun/hk416/reload-12"},
		{ "predicate": {"custom_model_data":163}, "model": "item/gun/hk416/reload-13"},
		{ "predicate": {"custom_model_data":164}, "model": "item/gun/hk416/reload-14"},
		{ "predicate": {"custom_model_data":165}, "model": "item/gun/hk416/reload-15"},
		{ "predicate": {"custom_model_data":166}, "model": "item/gun/hk416/reload-16"},
		{ "predicate": {"custom_model_data":167}, "model": "item/gun/hk416/reload-17"},
		{ "predicate": {"custom_model_data":168}, "model": "item/gun/hk416/reload-18"},
		{ "predicate": {"custom_model_data":169}, "model": "item/gun/hk416/reload-19"},
		{ "predicate": {"custom_model_data":170}, "model": "item/gun/hk416/reload-20"},
		{ "predicate": {"custom_model_data":171}, "model": "item/gun/hk416/reload-21"},
		{ "predicate": {"custom_model_data":172}, "model": "item/gun/hk416/reload-22"},
		{ "predicate": {"custom_model_data":173}, "model": "item/gun/hk416/reload-23"},
		{ "predicate": {"custom_model_data":174}, "model": "item/gun/hk416/reload-24"},
		{ "predicate": {"custom_model_data":175}, "model": "item/gun/hk416/reload-25"},
		{ "predicate": {"custom_model_data":180}, "model": "item/gun/hk416/reload_empty-0"},
		{ "predicate": {"custom_model_data":181}, "model": "item/gun/hk416/reload_empty-1"},
		{ "predicate": {"custom_model_data":182}, "model": "item/gun/hk416/reload_empty-2"},
		{ "predicate": {"custom_model_data":183}, "model": "item/gun/hk416/reload_empty-3"},
		{ "predicate": {"custom_model_data":184}, "model": "item/gun/hk416/reload_empty-4"},
		{ "predicate": {"custom_model_data":185}, "model": "item/gun/hk416/reload_empty-5"},
		{ "predicate": {"custom_model_data":186}, "model": "item/gun/hk416/reload_empty-6"},
		{ "predicate": {"custom_model_data":187}, "model": "item/gun/hk416/reload_empty-7"},
		{ "predicate": {"custom_model_data":188}, "model": "item/gun/hk416/reload_empty-8"},
		{ "predicate": {"custom_model_data":189}, "model": "item/gun/hk416/reload_empty-9"},
		{ "predicate": {"custom_model_data":190}, "model": "item/gun/hk416/reload_empty-10"},
		{ "predicate": {"custom_model_data":191}, "model": "item/gun/hk416/reload_empty-11"},
		{ "predicate": {"custom_model_data":192}, "model": "item/gun/hk416/reload_empty-12"},
		{ "predicate": {"custom_model_data":193}, "model": "item/gun/hk416/reload_empty-13"},
		{ "predicate": {"custom_model_data":194}, "model": "item/gun/hk416/reload_empty-14"},
		{ "predicate": {"custom_model_data":195}, "model": "item/gun/hk416/reload_empty-15"},
		{ "predicate": {"custom_model_data":196}, "model": "item/gun/hk416/reload_empty-16"},
		{ "predicate": {"custom_model_data":197}, "model": "item/gun/hk416/reload_empty-17"},
		{ "predicate": {"custom_model_data":198}, "model": "item/gun/hk416/reload_empty-18"},
		{ "predicate": {"custom_model_data":199}, "model": "item/gun/hk416/reload_empty-19"},
		{ "predicate": {"custom_model_data":200}, "model": "item/gun/hk416/reload_empty-20"},
		{ "predicate": {"custom_model_data":201}, "model": "item/gun/hk416/reload_empty-21"},
		{ "predicate": {"custom_model_data":202}, "model": "item/gun/hk416/reload_empty-22"},
		{ "predicate": {"custom_model_data":203}, "model": "item/gun/hk416/reload_empty-23"},
		{ "predicate": {"custom_model_data":204}, "model": "item/gun/hk416/reload_empty-24"},
		{ "predicate": {"custom_model_data":205}, "model": "item/gun/hk416/reload_empty-25"},
		{ "predicate": {"custom_model_data":206}, "model": "item/gun/hk416/reload_empty-26"},
		{ "predicate": {"custom_model_data":207}, "model": "item/gun/hk416/reload_empty-27"},
		{ "predicate": {"custom_model_data":208}, "model": "item/gun/hk416/reload_empty-28"},
		{ "predicate": {"custom_model_data":210}, "model": "item/gun/hk416/swap-0"},
		{ "predicate": {"custom_model_data":211}, "model": "item/gun/hk416/swap-1"},
		{ "predicate": {"custom_model_data":212}, "model": "item/gun/hk416/swap-2"},
		{ "predicate": {"custom_model_data":213}, "model": "item/gun/hk416/swap-3"},
		{ "predicate": {"custom_model_data":214}, "model": "item/gun/hk416/swap-4"},
		{ "predicate": {"custom_model_data":215}, "model": "item/gun/hk416/swap-5"},
		{ "predicate": {"custom_model_data":216}, "model": "item/gun/hk416/swap-6"},
		{ "predicate": {"custom_model_data":217}, "model": "item/gun/hk416/swap-7"},
		{ "predicate": {"custom_model_data":218}, "model": "item/gun/hk416/swap-8"},
		{ "predicate": {"custom_model_data":219}, "model": "item/gun/hk416/swap-9"},
		{ "predicate": {"custom_model_data":220}, "model": "item/gun/hk416/swap-10"},
		{ "predicate": {"custom_model_data":221}, "model": "item/gun/hk416/swap-11"},
		{ "predicate": {"custom_model_data":222}, "model": "item/gun/hk416/swap-12"},
		{ "predicate": {"custom_model_data":223}, "model": "item/gun/hk416/swap-13"},
		{ "predicate": {"custom_model_data":224}, "model": "item/gun/hk416/swap-14"},
		{ "predicate": {"custom_model_data":225}, "model": "item/gun/hk416/swap-15"},
		{ "predicate": {"custom_model_data":226}, "model": "item/gun/hk416/swap-16"},
		{ "predicate": {"custom_model_data":227}, "model": "item/gun/hk416/swap-17"},
		{ "predicate": {"custom_model_data":228}, "model": "item/gun/hk416/swap-18"},
		{ "predicate": {"custom_model_data":229}, "model": "item/gun/hk416/swap-19"},
		{ "predicate": {"custom_model_data":230}, "model": "item/gun/hk416/sprint-0"},
		{ "predicate": {"custom_model_data":231}, "model": "item/gun/hk416/sprint-1"},
		{ "predicate": {"custom_model_data":232}, "model": "item/gun/hk416/sprint-2"},
		{ "predicate": {"custom_model_data":233}, "model": "item/gun/hk416/sprint-3"},
		{ "predicate": {"custom_model_data":234}, "model": "item/gun/hk416/sprint-4"}
		
	]
  ,
	"display": {
		"firstperson_righthand": {
			"translation": [-9, 0, 0]
		}
	}
}