{
	"credit": "Made with Blockbench",
	"texture_size": [128, 128],
	"textures": {
		"1": "gun/texture",
		"2": "food/milk/texture",
		"particle": "gun/texture"
	},
	"elements": [
		{
			"from": [6.5, 1.5625, 5.5],
			"to": [9.5, 9.3125, 9.5],
			"rotation": {"angle": 0, "axis": "y", "origin": [6, 1.5625, 5.5]},
			"faces": {
				"north": {"uv": [0, 4, 1.5, 7.875], "texture": "#2"},
				"east": {"uv": [0, 0, 2, 3.875], "texture": "#2"},
				"south": {"uv": [1.625, 4, 3.125, 7.875], "texture": "#2"},
				"west": {"uv": [2.125, 0, 4.125, 3.875], "texture": "#2"},
				"up": {"uv": [4.75, 6, 3.25, 4], "texture": "#2"},
				"down": {"uv": [5.75, 0, 4.25, 2], "texture": "#2"}
			}
		},
		{
			"from": [6.75, 9.3125, 5.5],
			"to": [9.25, 10.3125, 9.5],
			"rotation": {"angle": 0, "axis": "y", "origin": [6, 1.5625, 9.5]},
			"faces": {
				"north": {"uv": [7.5, 3.25, 6.25, 3.75], "texture": "#2"},
				"east": {"uv": [7.875, 0, 5.875, 0.5], "texture": "#2"},
				"south": {"uv": [4.5, 6.125, 3.25, 6.625], "texture": "#2"},
				"west": {"uv": [7.875, 0.625, 5.875, 1.125], "texture": "#2"},
				"up": {"uv": [6.125, 2.125, 4.875, 4.125], "texture": "#2"},
				"down": {"uv": [6.125, 6.25, 4.875, 4.25], "texture": "#2"}
			}
		},
		{
			"from": [7.375, 10.3125, 5.875],
			"to": [8.625, 10.8125, 7.125],
			"rotation": {"angle": -45, "axis": "y", "origin": [8, 10.5625, 6.5]},
			"faces": {
				"north": {"uv": [7.25, 5.375, 6.625, 5.625], "texture": "#2"},
				"east": {"uv": [7.25, 5, 6.625, 5.25], "texture": "#2"},
				"south": {"uv": [7.25, 4.625, 6.625, 4.875], "texture": "#2"},
				"west": {"uv": [7.25, 5.75, 6.625, 6], "texture": "#2"},
				"up": {"uv": [6, 6.375, 5.375, 7], "texture": "#2"},
				"down": {"uv": [7.25, 4.5, 6.625, 3.875], "texture": "#2"}
			}
		},
		{
			"from": [7.86872, 8.44351, 5.50625],
			"to": [8.36872, 9.19351, 9.49375],
			"rotation": {"angle": -22.5, "axis": "z", "origin": [9.36872, 12.31851, 7.5]},
			"faces": {
				"north": {"uv": [4.5, 2.625, 4.25, 3], "texture": "#2"},
				"east": {"uv": [7.875, 1.25, 5.875, 1.625], "texture": "#2"},
				"south": {"uv": [4.5, 2.125, 4.25, 2.5], "texture": "#2"},
				"west": {"uv": [8.25, 1.75, 6.25, 2.125], "texture": "#2"},
				"up": {"uv": [6.5, 3.875, 6.25, 5.875], "texture": "#2"},
				"down": {"uv": [6.5, 8, 6.25, 6], "texture": "#2"}
			}
		},
		{
			"from": [7.63128, 8.44351, 5.50625],
			"to": [8.13128, 9.19351, 9.49375],
			"rotation": {"angle": 22.5, "axis": "z", "origin": [6.63128, 12.31851, 7.5]},
			"faces": {
				"north": {"uv": [6.875, 6.125, 6.625, 6.5], "texture": "#2"},
				"east": {"uv": [8.25, 2.25, 6.25, 2.625], "texture": "#2"},
				"south": {"uv": [4.5, 3.125, 4.25, 3.5], "texture": "#2"},
				"west": {"uv": [8.25, 2.75, 6.25, 3.125], "texture": "#2"},
				"up": {"uv": [4.875, 6.375, 4.625, 8.375], "texture": "#2"},
				"down": {"uv": [5.25, 8.375, 5, 6.375], "texture": "#2"}
			}
		},
		{
			"from": [6.08227, 3.41351, 8.18465],
			"to": [9.85727, 6.87601, 25.10965],
			"rotation": {"angle": 0, "axis": "y", "origin": [8.13227, 7.25101, 10.40965]},
			"faces": {
				"north": {"uv": [3.5, 3.5, 4.375, 4.375], "texture": "#1"},
				"east": {"uv": [4.49219, 0, 9.25, 0.875], "texture": "#1"},
				"south": {"uv": [3.5, 4.375, 4.375, 5.25], "texture": "#1"},
				"west": {"uv": [0, 0.875, 4.8125, 1.75], "texture": "#1"},
				"up": {"uv": [0.875, 11, 0, 6.1875], "texture": "#1"},
				"down": {"uv": [1.75, 6.24219, 0.875, 11], "texture": "#1"}
			}
		}
	],
	"display": {
		"thirdperson_righthand": {
			"scale": [0, 0, 0]
		},
		"thirdperson_lefthand": {
			"scale": [0, 0, 0]
		},
		"firstperson_righthand": {
			"rotation": [7, 27, 10],
			"translation": [-4.5, 14.6, 0]
		},
		"gui": {
			"scale": [0, 0, 0]
		}
	}
}